Item Name,Item Price
Romoss Sense 6P 20000mAh Dual Output LED Display Power Bank (White),839.00,2017-09-06 01:31:12.377000
Pineng PN-969 20000mah Powerbank (Black/Red),789.00,2017-09-06 01:31:12.381000
"Romoss Sense 6P 20,000mAh Durable Polymos Dual Output LED Display
Power Bank (White)",890.00,2017-09-06 01:31:12.388000
ASUS ABTU015 ZenPower Slim 3000mAh Black,529.00,2017-09-06 01:31:12.393000
Pineng PN-920 20000mah Powerbank - (Black/Red),789.00,2017-09-06 01:31:12.398000
Romoss Sense 4 10400mAh Power Bank (White),553.00,2017-09-06 01:31:12.402000
"Romoss Sense 6P 20,000mAh Dual Output LED Display Power Bank
Limited Edition (Black/Red)",890.00,2017-09-06 01:31:12.409000
Asus ZenPower 10050mah Powerbank with Bumper Case (Silver),899.00,2017-09-06 01:31:12.415000
Asus ZenPower 10050mah Powerbank with Bumper Case (Black),899.00,2017-09-06 01:31:12.421000
992 Smart 20000mah Power Bank (White/Pink) BUY 1 TAKE 1,614.00,2017-09-06 01:31:12.425000
"Romoss Sense 6 Plus 20000mAh Power Bank (White) and with Gadget
Pouch",849.00,2017-09-06 01:31:12.429000
Pineng PN-999 20000mAh Power Bank (White),779.00,2017-09-06 01:31:12.435000
Romoss Sense 4 10400mAh Powerbank (White/Grey) Buy 1 Take 1,969.00,2017-09-06 01:31:12.438000
Rechargeable external case made for Iphone 4&4S,800.00,2017-09-06 01:31:12.441000
"TECLAST T200CE 20000mAh Fast Charging Power Bank with Dual Input 4
USB Outputs LED Display (White)",635.00,2017-09-06 01:31:12.446000
Romoss Sense 4 10400mAh Powerbank (White/Grey),509.00,2017-09-06 01:31:12.450000
Sunsonic 10400mah Power Bank (Silver),230.00,2017-09-06 01:31:12.454000
Pineng PN-999 20000mAh Power Bank (Gold),839.00,2017-09-06 01:31:12.459000
20000mAh Wallet Style Power Bank (Pink),289.00,2017-09-06 01:31:12.463000
"10000mAh External Battery Power Bank, Pokemon Go Style Portable
Charger Backup Pack For iPhone, iPad & Samsung Galaxy &
More","1,160.00",2017-09-06 01:31:12.466000
Asus ZenPower 10050mah Powerbank with Bumper Case (Gold),899.00,2017-09-06 01:31:12.474000
Romoss Sense 9 25000mah Powerbank (White),"1,199.00",2017-09-06 01:31:12.478000
Romoss HO-2O 20000mAh LED Powerbank (Black),839.00,2017-09-06 01:31:12.482000
Romoss Sense 4 10400mAh Power Bank (White),508.00,2017-09-06 01:31:12.487000
Asus ZenPower 10050mah Powerbank with Bumper Case (Blue),899.00,2017-09-06 01:31:12.493000
Pineng PN-983 10000mAh Lithium Polymer Power Bank (Pink),574.00,2017-09-06 01:31:12.499000
Romoss Sense 6P 20000mAh Dual Output LED Display Power Bank (White),813.00,2017-09-06 01:31:12.503000
"Multifunctional Bluetooth Speaker Selfie Stick with Portable Power
Bank,Wireless Self Timer and Phone Holder USB/TF card Self time
Subwoofer (green)",898.00,2017-09-06 01:31:12.510000
"Adamas AAA 20000mah Power Bank Portable Power Battery Pack with
Flashlight (White/Pink)",349.00,2017-09-06 01:31:12.517000
Romoss Sense 4 10400mAh Dual Output Power Bank (White),519.00,2017-09-06 01:31:12.521000
"Romoss Sense 6 Plus 20,000mAh Durable Polymos Dual Output LED
Display Power Bank",727.00,2017-09-06 01:31:12.525000
"Romoss Sense 6 Plus 20000mAh LCD Display Dual Port Power Bank
(White) with FREE 702 Selfie Stick Monopod",889.00,2017-09-06 01:31:12.529000
Romoss ACE Series A10 10000mah Metallic Powerbank (Rose Gold),590.00,2017-09-06 01:31:12.533000
Pineng PN-920 20000mAh Powerbank (White/Gray),789.00,2017-09-06 01:31:12.538000
Pineng PN-968 10000mAh Power Bank (Black/Red),584.00,2017-09-06 01:31:12.544000
Pineng PN-969 20000mah Powerbank (White and Grey),789.00,2017-09-06 01:31:12.548000
Pineng PN-999 20000mAh Power Bank (Silver),839.00,2017-09-06 01:31:12.553000
"Multifunctional Bluetooth Speaker Selfie Stick with Portable Power
Bank,Wireless Self Timer and Phone Holder USB/TF card Self time
Subwoofer (yellow)",900.00,2017-09-06 01:31:12.556000
Romoss ACE 10000mah Metal Powerbank (Black),554.00,2017-09-06 01:31:12.561000
Romoss Arrow20 20000mAh Power Bank (Cyan),862.00,2017-09-06 01:31:12.564000
"MODEALL M-03 20000mah LCD Display Dual Port PowerBank with
Flashlight (Pink)",371.00,2017-09-06 01:31:12.570000
"MODEALL M-03 20000mah LCD Display Dual Port PowerBank with
Flashlight (Black)",371.00,2017-09-06 01:31:12.575000
"Romoss Sense 4P 10,400mAH Dual Output Display LED Power Bank
(White)",595.00,2017-09-06 01:31:12.614000
Pineng PN-929 15000mAh Powerbank (Black),675.00,2017-09-06 01:31:12.620000
Romoss Sense 6 Pixel Heart 20000mAh Dual Output Power Bank,809.00,2017-09-06 01:31:12.627000
Pineng PN-963 10000mah Powerbank (Black/Red),574.00,2017-09-06 01:31:12.633000
Xiaomi Mi 10000mAh Pro USB TYPE C Version Power Bank (Grey),"1,499.00",2017-09-06 01:31:12.637000
"Multifunctional Bluetooth Speaker Selfie Stick with Portable Power
Bank,Wireless Self Timer and Phone Holder USB/TF card Self time
Subwoofer (light green)",899.00,2017-09-06 01:31:12.644000
Pineng PN-933 10000Mah Powerbank (White/Cyan),699.00,2017-09-06 01:31:12.662000
Pineng PN-951 10000mAh Shake to Start Powerbank (White),689.00,2017-09-06 01:31:12.668000
YOOBAO Q12 12000mAh Quick Charge Power Bank (Blue),"1,125.00",2017-09-06 01:31:12.678000
"1.5M Fabric Braided Alloy Head Cord USB Data Sync Cable for
Smartphone micro V8 (Pink)",750.00,2017-09-06 01:31:12.681000
Romoss Polymos 5 Ultra Slim 5000 mAh Powerbank (White/Grey),585.00,2017-09-06 01:31:12.689000
Pineng PN-963 10000mah Powerbank (White),574.00,2017-09-06 01:31:12.697000
Xiaomi Mi 5000mah Ultra Thin Power Bank (Silver),536.00,2017-09-06 01:31:12.706000
YOOBAO M20Pro 20000mAh LED Power Bank (Blue),"1,185.00",2017-09-06 01:31:12.712000
YOOBAO PL10 10000mAh Polymer Power Bank (Rose Gold),829.00,2017-09-06 01:31:12.715000
YOOBAO PL12 P12000mAh Polymer Power Bank (Pink),988.00,2017-09-06 01:31:12.718000
Pineng PN-968 10000mAh Power Bank (White/Orange),574.00,2017-09-06 01:31:12.723000
Yoobao M4Pro 10000mAh LED Power Bank (Pink),930.00,2017-09-06 01:31:12.728000
Pineng PN-960 6000mAh Powerbank (White),599.00,2017-09-06 01:31:12.734000
Mypro M1 10400 mah Power Bank (Grey),499.00,2017-09-06 01:31:12.739000
YOOBAO M4Pro 10000mAh LED Power Bank (Blue),999.00,2017-09-06 01:31:12.742000
"Xiaomi Power Bank 10000mAh Pro Fast Charge Powerbank 18W Quick
Charger QC2.0 (12V/9V/5V ) Type-C for Android and IOS","1,490.00",2017-09-06 01:31:12.745000
YOOBAO PL12Pro 12000mAh LED Power Bank (Pink),"1,088.00",2017-09-06 01:31:12.748000
YOOBAO PL5 5000mAh Polymer Power Bank (Gold),745.00,2017-09-06 01:31:12.752000
YOOBAO M4Pro 10000mAh LED Power Bank (White),999.00,2017-09-06 01:31:12.757000
YOOBAO M20Pro 20000mAh LED Power Bank (White),"1,185.00",2017-09-06 01:31:12.762000
"Pineng PN-968 10000mAh Power Bank (Black/Red) with USB LED Light
(Color May Vary)",699.00,2017-09-06 01:31:12.766000
Xiaomi Mi 20000mAh Power Bank (White),"1,299.00",2017-09-06 01:31:12.770000
Pineng PN-983 10000mAh Power Bank (Yellow) Buy 1 Take 1 (White),"1,285.00",2017-09-06 01:31:12.775000
Romoss ACE 10000mah Metal Powerbank (Pink),554.00,2017-09-06 01:31:12.786000
Romoss Sense 4 Plus 10400mAh LCD Display Power Bank (White),635.00,2017-09-06 01:31:12.791000
"XZY YC-3 5400mAH Double USB Port Power Bank (Blue)with Free LED
WATCH Color May Vary",499.00,2017-09-06 01:31:12.795000
Remax Proda Jane V10i 20000 mAh Power Bank (Red/White),899.00,2017-09-06 01:31:12.809000
Anker PowerCore Speed 10000mAh Quick Charge 3.0 Power Bank (Black),"2,290.00",2017-09-06 01:31:12.813000
"Romoss Sense 4P 10,400mAH Dual Output Display LED Power Bank (
White )",699.00,2017-09-06 01:31:12.819000
"Romoss Sense 4 10400mAh Powerbank (White/Grey) and with Gadget
Pouch (Color may vary)",544.00,2017-09-06 01:31:12.827000
Asus ZenPower 10050mAh Power Bank With Bumper Case (Gold),998.00,2017-09-06 01:31:12.831000
"Romoss Solo 5 10,000mAh Dual Output Power bank (Black/Grey)",699.00,2017-09-06 01:31:12.837000
Cherry Mobile Flare Power 10000mAh Powerbank (Blue),599.00,2017-09-06 01:31:12.848000
"Belpink 919 Universal 20000mah Portable Power Bank (White) w/ FREE
Tictime 4049 Watch, Mobile Joystick, and Fidget Spinner","1,099.00",2017-09-06 01:31:12.852000
Xiaomi Mi 10000mAh V2 Power Bank (Gray),799.00,2017-09-06 01:31:12.856000
"ONDA N200T 20000 mAh Triple Thin Portable External Battery Power
Bank (White)","1,019.00",2017-09-06 01:31:12.866000
ROMOSS Sense 6 Plus LCD 20000mAh Power Bank,925.00,2017-09-06 01:31:12.870000
XZY 1041 20000mAh Power Bank Double USB (Black/Orange),399.00,2017-09-06 01:31:12.879000
Jaguar 10050mah Power Bank with Built-In Flashlight (White),750.00,2017-09-06 01:31:12.882000
Romoss Sense 6 Plus 20000mAh Power Bank (White),868.00,2017-09-06 01:31:12.896000
"Onda N200T 20000mAh Triple Thin Portable External Battery Power
Bank (Black)",959.00,2017-09-06 01:31:12.907000
Romoss Sense 4 10400mAh Dual Output Power Bank (White),544.00,2017-09-06 01:31:12.912000
MODEALL M-05 20000mah Smart Power Bank (White),399.00,2017-09-06 01:31:12.919000
"XZY YC-3 5400mAH Double USB Port Power Bank (Yellow)with Free LED
WATCH Color May Vary",499.00,2017-09-06 01:31:12.923000
Romoss Sense 6 Plus 20000mAh Power Bank (White) Buy 1 Take 1,"1,719.00",2017-09-06 01:31:12.929000
Anker PowerCore 20100mAh Power Bank (Black),"2,990.00",2017-09-06 01:31:12.933000
"Pineng PN-999 20000mAh Power Bank (White) with 2-in-1 Portable USB
Fan (Color May Vary)",939.00,2017-09-06 01:31:12.938000
"Pineng PN-999 20000mAh Power Bank (White) with Mini Metal Clip MP3
Player (Color May Vary)","1,099.00",2017-09-06 01:31:12.943000
"XZY YC-3 5400mAH Double USB Port Power Bank (Black)with Free LED
WATCH Color May Vary","1,299.00",2017-09-06 01:31:12.947000
B&D Ultra Slim 21800mAh Metal Powerbank,749.00,2017-09-06 01:31:12.954000
"Pineng PN-920 20000mAh Power Bank (Black/Red) with Pineng PN-960
6000mAh Power Bank (Black)","1,298.00",2017-09-06 01:31:12.959000
UPLUS Hotpoint 12000 mAh External Battery Powerbank,"1,000.00",2017-09-06 01:31:12.967000
Romoss Sense 9 25000mah Powerbank (White/Grey),"1,112.00",2017-09-06 01:31:12.972000
ET Pop E-101 20000mAh Li-Polymer Power Bank (Black),511.00,2017-09-06 01:31:12.977000
"Romoss Solo 3 Rose Red Limited Edition 6000mAh Power Bank with LED
Torch (White/Red)",598.00,2017-09-06 01:31:13.007000
"Alien Power AP-301 30,000mAh Powerbank (Blue) #0130",699.00,2017-09-06 01:31:13.032000
"TECLAST T100CE 10000mAh Power Bank with Dual Input Dual Outputs
(White)",476.00,2017-09-06 01:31:13.046000
"Alien Power AP-301 30,000mAh Powerbank (Grey) #0130",699.00,2017-09-06 01:31:13.061000
"Romoss Sense 6 Plus 20000mAh LCD Display Dual Port Power Bank
(White)",959.00,2017-09-06 01:31:13.091000
Romoss Sense 6P 20000mah Powerbank (Black) free Romoss Gadget Pouch,999.00,2017-09-06 01:31:13.103000
"GS ROMOSS Sense 4 Plus Portable Charger External Power Bank with
LCD Display",580.00,2017-09-06 01:31:13.111000
"Adamas AAA 20000mah Power Bank Portable Power Battery Pack with
Flashlight (White/Green)",399.00,2017-09-06 01:31:13.118000
Romoss Sense 9 25000mAh Powerbank (White/Grey),"1,295.00",2017-09-06 01:31:13.121000
Samsung 20000mAh Battery Pack,"1,599.00",2017-09-06 01:31:13.127000
Onda Q100T 10000mAh Power Bank (White),499.00,2017-09-06 01:31:13.132000
"Sunpin MP918Q 10000MAH Universal Wireless Charging Powerbank
(Brown)",829.00,2017-09-06 01:31:13.138000
B&D Ultra Slim 21800mAh Metal Powerbank,749.00,2017-09-06 01:31:13.147000
B&D Ultra Slim 21800mAh Metal Powerbank,749.00,2017-09-06 01:31:13.154000
Xiaomi Mi 20000mah Power Bank Version 2 (White),"1,397.00",2017-09-06 01:31:13.161000
Adamas AAA-123 Abstract 20000mah Power Bank (Blue Green) Set Of 2,649.00,2017-09-06 01:31:13.165000
"Pineng PN-920 20000mah Powerbank (Black/Red) with Tonsion T45 2-pin
Music Headphones (Color May Vary)",999.00,2017-09-06 01:31:13.171000
XZY 1041 20000mAh Power Bank Double USB (Black/Orange) BUY1 TAKE1,614.00,2017-09-06 01:31:13.178000
